epoch,time,train/box_loss,train/cls_loss,train/dfl_loss,metrics/precision(B),metrics/recall(B),metrics/mAP50(B),metrics/mAP50-95(B),val/box_loss,val/cls_loss,val/dfl_loss,lr/pg0,lr/pg1,lr/pg2,lr/pg3,lr/pg4,lr/pg5,lr/pg6,lr/pg7
1,9.00185,1.64194,5.09965,1.03056,0.00279,0.33333,0.00248,0.00124,1.89036,5.89727,0.96719,0,0,0,0,0,0,0,0
2,17.853,1.94384,6.65765,1.14334,0.00268,0.33333,0.00242,0.00121,1.89291,5.87407,0.96831,4.83597e-05,1.61199e-05,4.83597e-05,1.61199e-05,4.83597e-05,1.61199e-05,4.83597e-05,1.61199e-05
3,26.5255,1.74353,4.81201,1.02456,0.00261,0.33333,0.0024,0.00116,1.88152,5.87841,0.96807,9.34187e-05,3.11396e-05,9.34187e-05,3.11396e-05,9.34187e-05,3.11396e-05,9.34187e-05,3.11396e-05
4,35.2115,2.04625,6.05169,1.02926,0.00253,0.33333,0.00237,0.00113,1.8759,5.89131,0.96753,0.000135177,4.5059e-05,0.000135177,4.5059e-05,0.000135177,4.5059e-05,0.000135177,4.5059e-05
5,44.002,1.90613,5.42306,1.05045,0.00246,0.33333,0.00244,0.00114,1.86405,5.90399,0.96628,0.000173635,5.78782e-05,0.000173635,5.78782e-05,0.000173635,5.78782e-05,0.000173635,5.78782e-05
6,53.1028,1.65254,6.75208,1.06338,0.00481,0.66667,0.00753,0.00294,1.78626,6.02049,0.92526,0.000208792,6.95973e-05,0.000208792,6.95973e-05,0.000208792,6.95973e-05,0.000208792,6.95973e-05
7,62.0191,2.04996,9.67019,1.40424,0.00711,1,0.01194,0.00262,1.87814,5.85258,0.95247,0.000240648,8.0216e-05,0.000240648,8.0216e-05,0.000240648,8.0216e-05,0.000240648,8.0216e-05
8,70.7889,1.5002,6.34724,1.05676,0.00464,0.66667,0.00608,0.00185,1.84436,5.93811,0.95823,0.000269204,8.97346e-05,0.000269204,8.97346e-05,0.000269204,8.97346e-05,0.000269204,8.97346e-05
9,79.5887,1.53526,5.61297,1.00453,0.00458,0.66667,0.00613,0.00224,1.82249,5.95516,0.95535,0.000294459,9.8153e-05,0.000294459,9.8153e-05,0.000294459,9.8153e-05,0.000294459,9.8153e-05
10,88.3647,1.51239,10.8736,0.89171,0.0067,1,0.01185,0.00316,1.84118,5.85553,0.94662,0.000316413,0.000105471,0.000316413,0.000105471,0.000316413,0.000105471,0.000316413,0.000105471
11,97.3158,1.3455,5.69816,0.95737,0.00442,0.66667,0.00615,0.00318,1.78886,5.88674,0.94685,0.000335067,0.000111689,0.000335067,0.000111689,0.000335067,0.000111689,0.000335067,0.000111689
12,106.064,1.16817,4.74272,0.93644,0.0044,0.66667,0.00624,0.00321,1.78464,5.80591,0.95509,0.00035042,0.000116807,0.00035042,0.000116807,0.00035042,0.000116807,0.00035042,0.000116807
13,114.846,1.8971,6.49238,1.32927,0.00433,0.66667,0.00594,0.00357,1.75937,5.75723,0.95262,0.000362472,0.000120824,0.000362472,0.000120824,0.000362472,0.000120824,0.000362472,0.000120824
14,123.826,1.66456,5.51564,1.07418,0.00427,0.66667,0.00606,0.00364,1.73279,5.70511,0.94636,0.000371224,0.000123741,0.000371224,0.000123741,0.000371224,0.000123741,0.000371224,0.000123741
15,132.521,1.38688,6.32092,1.09279,0.00421,0.66667,0.00601,0.0036,1.69893,5.69211,0.94042,0.000376675,0.000125558,0.000376675,0.000125558,0.000376675,0.000125558,0.000376675,0.000125558
16,141.396,1.29975,5.38037,1.07586,0.00422,0.66667,0.00589,0.00314,1.63435,5.63317,0.92696,0.000378826,0.000126275,0.000378826,0.000126275,0.000378826,0.000126275,0.000378826,0.000126275
17,150.181,1.27537,5.07633,0.94706,0.0042,0.66667,0.00596,0.00339,1.59506,5.59323,0.91502,0.000377676,0.000125892,0.000377676,0.000125892,0.000377676,0.000125892,0.000377676,0.000125892
18,153.466,1.60961,5.38982,1.21489,0.0042,0.66667,0.00596,0.00339,1.59506,5.59323,0.91502,0.000373225,0.000124408,0.000373225,0.000124408,0.000373225,0.000124408,0.000373225,0.000124408
19,162.422,1.50963,7.28601,0.97279,0.00415,0.66667,0.00664,0.00327,1.55687,5.53816,0.91055,0.000365473,0.000121824,0.000365473,0.000121824,0.000365473,0.000121824,0.000365473,0.000121824
20,165.593,1.33504,4.47115,1.04362,0.00415,0.66667,0.00664,0.00327,1.55687,5.53816,0.91055,0.000354421,0.00011814,0.000354421,0.00011814,0.000354421,0.00011814,0.000354421,0.00011814
21,174.467,1.34867,7.29858,1.06061,0.00409,0.66667,0.00662,0.00373,1.47842,5.51023,0.8936,0.000340068,0.000113356,0.000340068,0.000113356,0.000340068,0.000113356,0.000340068,0.000113356
22,177.588,1.54228,7.65346,1.18547,0.00409,0.66667,0.00662,0.00373,1.47842,5.51023,0.8936,0.000322414,0.000107471,0.000322414,0.000107471,0.000322414,0.000107471,0.000322414,0.000107471
23,186.518,1.45196,6.46445,1.13802,0.00409,0.66667,0.01215,0.00552,1.41991,5.49617,0.88344,0.00030146,0.000100487,0.00030146,0.000100487,0.00030146,0.000100487,0.00030146,0.000100487
24,189.631,1.39888,7.74946,1.03695,0.00409,0.66667,0.01215,0.00552,1.41991,5.49617,0.88344,0.000277205,9.24018e-05,0.000277205,9.24018e-05,0.000277205,9.24018e-05,0.000277205,9.24018e-05
25,198.352,1.16001,8.89723,0.98568,0.00406,0.66667,0.01498,0.00865,1.38677,5.50234,0.87855,0.00024965,8.32166e-05,0.00024965,8.32166e-05,0.00024965,8.32166e-05,0.00024965,8.32166e-05
26,201.582,1.76482,7.86092,1.14277,0.00406,0.66667,0.01498,0.00865,1.38677,5.50234,0.87855,0.000218794,7.29312e-05,0.000218794,7.29312e-05,0.000218794,7.29312e-05,0.000218794,7.29312e-05
27,210.224,1.67396,6.89401,1.08993,0.00405,0.66667,0.01752,0.01089,1.36436,5.34552,0.87962,0.000184637,6.15456e-05,0.000184637,6.15456e-05,0.000184637,6.15456e-05,0.000184637,6.15456e-05
28,213.527,1.75288,9.0047,1.29098,0.00405,0.66667,0.01752,0.01089,1.36436,5.34552,0.87962,0.000147179,4.90598e-05,0.000147179,4.90598e-05,0.000147179,4.90598e-05,0.000147179,4.90598e-05
29,222.514,1.22977,7.18853,1.15875,0.00402,0.66667,0.01941,0.01218,1.26641,5.51901,0.85163,0.000106421,3.54738e-05,0.000106421,3.54738e-05,0.000106421,3.54738e-05,0.000106421,3.54738e-05
30,225.688,1.37083,7.2741,1.0212,0.00402,0.66667,0.01941,0.01218,1.26641,5.51901,0.85163,6.23625e-05,2.07875e-05,6.23625e-05,2.07875e-05,6.23625e-05,2.07875e-05,6.23625e-05,2.07875e-05
